CREATE DATABASE  IF NOT EXISTS `ipo_db` /*!40100 DEFAULT CHARACTER SET utf8mb4 COLLATE utf8mb4_0900_ai_ci */ /*!80016 DEFAULT ENCRYPTION='N' */;
USE `ipo_db`;
-- MySQL dump 10.13  Distrib 8.0.38, for Win64 (x86_64)
--
-- Host: 127.0.0.1    Database: ipo_db
-- ------------------------------------------------------
-- Server version	8.0.39

/*!40101 SET @OLD_CHARACTER_SET_CLIENT=@@CHARACTER_SET_CLIENT */;
/*!40101 SET @OLD_CHARACTER_SET_RESULTS=@@CHARACTER_SET_RESULTS */;
/*!40101 SET @OLD_COLLATION_CONNECTION=@@COLLATION_CONNECTION */;
/*!50503 SET NAMES utf8 */;
/*!40103 SET @OLD_TIME_ZONE=@@TIME_ZONE */;
/*!40103 SET TIME_ZONE='+00:00' */;
/*!40014 SET @OLD_UNIQUE_CHECKS=@@UNIQUE_CHECKS, UNIQUE_CHECKS=0 */;
/*!40014 SET @OLD_FOREIGN_KEY_CHECKS=@@FOREIGN_KEY_CHECKS, FOREIGN_KEY_CHECKS=0 */;
/*!40101 SET @OLD_SQL_MODE=@@SQL_MODE, SQL_MODE='NO_AUTO_VALUE_ON_ZERO' */;
/*!40111 SET @OLD_SQL_NOTES=@@SQL_NOTES, SQL_NOTES=0 */;

--
-- Table structure for table `company`
--

DROP TABLE IF EXISTS `company`;
/*!40101 SET @saved_cs_client     = @@character_set_client */;
/*!50503 SET character_set_client = utf8mb4 */;
CREATE TABLE `company` (
  `company_id` int NOT NULL,
  `name` varchar(255) DEFAULT NULL,
  `industry` varchar(255) DEFAULT NULL,
  `financial_score` int DEFAULT NULL,
  PRIMARY KEY (`company_id`)
) ENGINE=InnoDB DEFAULT CHARSET=utf8mb4 COLLATE=utf8mb4_0900_ai_ci;
/*!40101 SET character_set_client = @saved_cs_client */;

--
-- Dumping data for table `company`
--

LOCK TABLES `company` WRITE;
/*!40000 ALTER TABLE `company` DISABLE KEYS */;
INSERT INTO `company` VALUES (1,'Alpha Tech','IT',85),(2,'BioMax','Bio',78),(3,'SteelWorks','Manufacturing',72),(4,'FinPlus','Finance',90),(5,'StarMedia','Entertainment',65),(6,'CyberSoft','IT',88),(7,'MediCore','Bio',74),(8,'AutoForge','Manufacturing',81),(9,'MoneyTree','Finance',92),(10,'DreamWorks','Entertainment',69),(11,'NextVision','IT',91),(12,'BioSync','Bio',80),(13,'MechaLine','Manufacturing',77),(14,'SafeBank','Finance',89),(15,'ShowBox Korea','Entertainment',72),(16,'QuantumSoft','IT',94),(17,'CellLab','Bio',71),(18,'IronBase','Manufacturing',70),(19,'InvestOne','Finance',85),(20,'K-Culture Media','Entertainment',66),(21,'InfiniTech','IT',87),(22,'BioOne','Bio',73),(23,'SteelPro','Manufacturing',82),(24,'PrimeFinance','Finance',91),(25,'WaveStudio','Entertainment',75),(26,'CodeLab','IT',90),(27,'BioGenix','Bio',76),(28,'Machina','Manufacturing',84),(29,'SmartFunds','Finance',93),(30,'K-Star Entertainment','Entertainment',68),(31,'클라우드테크','IT',90),(32,'메디바이오','Bio',69),(33,'트러스트파이낸스','Finance',87),(34,'뉴메카닉스','Manufacturing',82),(35,'엔조이뮤직','Entertainment',85),(36,'AI프론티어','IT',95),(37,'젠바이오랩','Bio',68),(38,'파고파이낸스','Finance',80),(39,'스틸메카','Manufacturing',77),(40,'플래닛엔터','Entertainment',84),(41,'인포텍','IT',88),(42,'케어바이오','Bio',71),(43,'리얼파이낸스','Finance',86),(44,'오토엔진','Manufacturing',79),(45,'아트엔터','Entertainment',83),(46,'스마트AI랩','IT',92),(47,'라이프바이오','Bio',75),(48,'세이프파이낸스','Finance',81),(49,'메카모션','Manufacturing',76),(50,'엔터코어','Entertainment',87),(51,'테크바이츠','IT',88),(52,'바이오스텝','Bio',72),(53,'파인캐피탈','Finance',84),(54,'메카트론','Manufacturing',79),(55,'엔터밍글','Entertainment',83),(56,'스마트링크','IT',91),(57,'지노믹랩','Bio',68),(58,'머니마스터','Finance',87),(59,'하이메카닉스','Manufacturing',81),(60,'스타엔터프라이즈','Entertainment',86),(61,'코드인텔리','IT',94),(62,'셀엔바이오','Bio',73),(63,'핀플래닛','Finance',90),(64,'오토메이커스','Manufacturing',80),(65,'뮤직하모니','Entertainment',82),(66,'AI노바','IT',95),(67,'뉴바이오텍','Bio',70),(68,'럭스파이낸스','Finance',83),(69,'프로메카','Manufacturing',78),(70,'엔터스페이스','Entertainment',85),(71,'디지털브리지','IT',89),(72,'히어로바이오','Bio',74),(73,'세이프캐피탈','Finance',88),(74,'메카라이트','Manufacturing',76),(75,'엔터리폼','Entertainment',84),(76,'클라우드베이스','IT',92),(77,'포커스바이오','Bio',71),(78,'크레딧라인','Finance',82),(79,'하이테크모션','Manufacturing',80),(80,'엔터링크','Entertainment',83),(81,'알파테크','IT',93),(82,'메디랩스','Bio',69),(83,'펀드메이트','Finance',85),(84,'메카시스템','Manufacturing',77),(85,'엔터필름','Entertainment',87),(86,'스마트AI코어','IT',96),(87,'셀바이오케어','Bio',72),(88,'트러스트뱅크','Finance',89),(89,'메카트레이드','Manufacturing',79),(90,'엔조이엔터','Entertainment',81),(91,'디지털퓨처','IT',90),(92,'파미바이오','Bio',70),(93,'머니체크','Finance',86),(94,'스틸라이트','Manufacturing',82),(95,'하모니엔터','Entertainment',84),(96,'AI스토리','IT',94),(97,'라이트바이오','Bio',73),(98,'핀캐스트','Finance',83),(99,'메카웨이브','Manufacturing',78),(100,'엔터지니','Entertainment',86),(101,'테크어헤드','IT',92),(102,'바이오비전','Bio',74),(103,'스마트파이낸스','Finance',88),(104,'메카솔루션','Manufacturing',81),(105,'엔터클래스','Entertainment',85),(106,'디지털인사이트','IT',93),(107,'젠메디컬','Bio',71),(108,'페이워크','Finance',84),(109,'하이퍼메카','Manufacturing',78),(110,'뮤직네이션','Entertainment',87),(111,'AI포스','IT',95),(112,'바이오큐어','Bio',70),(113,'핀윈','Finance',89),(114,'테크머신','Manufacturing',80),(115,'엔터로드','Entertainment',83),(116,'인포스타','IT',91),(117,'헬스젠랩','Bio',73),(118,'머니필드','Finance',86),(119,'메카스킬','Manufacturing',77),(120,'엔터업','Entertainment',84),(121,'클라우드올','IT',94),(122,'셀엑스바이오','Bio',72),(123,'파이낸스링크','Finance',88),(124,'오토메카스','Manufacturing',79),(125,'엔터링즈','Entertainment',86),(126,'AI리서치','IT',96),(127,'바이오랩스','Bio',69),(128,'세이프인베스트','Finance',82),(129,'메카팜','Manufacturing',76),(130,'엔터모먼트','Entertainment',85),(131,'디지털하이브','IT',90),(132,'메드젠','Bio',75),(133,'파이낸스웨이브','Finance',87),(134,'메카드림','Manufacturing',81),(135,'엔터와이드','Entertainment',82),(136,'AI탑클래스','IT',97),(137,'뉴바이오헬스','Bio',74),(138,'핀트러스트','Finance',89),(139,'메카프레임','Manufacturing',78),(140,'엔터모드','Entertainment',84),(141,'테크플로우','IT',92),(142,'바이오세이프','Bio',71),(143,'머니와이어','Finance',85),(144,'메카스톤','Manufacturing',79),(145,'엔터트리','Entertainment',83),(146,'스마트웨이브','IT',94),(147,'바이오그린랩','Bio',70),(148,'비전파이낸스','Finance',86),(149,'메카마스터','Manufacturing',82),(150,'엔터스테이션','Entertainment',88),(151,'AI트렌드','IT',95),(152,'헬스바이오텍','Bio',73),(153,'세이프뱅크','Finance',90),(154,'오토엔지니어링','Manufacturing',77),(155,'엔터유니온','Entertainment',85),(156,'코어AI','IT',93),(157,'바이오젠텍','Bio',72),(158,'머니컨트롤','Finance',83),(159,'메카시그널','Manufacturing',79),(160,'엔터보이스','Entertainment',87),(161,'AI스튜디오','IT',94),(162,'셀바이오랩','Bio',71),(163,'파이낸셜웨이','Finance',82),(164,'메카라인','Manufacturing',80),(165,'엔터브릿지','Entertainment',84),(166,'테크큐브','IT',92),(167,'메디케어랩','Bio',69),(168,'핀매니저','Finance',88),(169,'메카토닉스','Manufacturing',81),(170,'엔터플래닛','Entertainment',83),(171,'클라우드프레임','IT',95),(172,'바이오포인트','Bio',70),(173,'머니랩스','Finance',86),(174,'메카브릿지','Manufacturing',78),(175,'엔터센스','Entertainment',85),(176,'AI어드밴스','IT',97),(177,'바이오텍스','Bio',72),(178,'크레딧마스터','Finance',89),(179,'메카솔브','Manufacturing',82),(180,'엔터코믹스','Entertainment',87),(181,'디지털무브','IT',93),(182,'헬스메디코','Bio',73),(183,'파이낸스브릿지','Finance',85),(184,'메카다이나믹스','Manufacturing',81),(185,'엔터베이스','Entertainment',84),(186,'AI엑셀','IT',96),(187,'바이오랩케어','Bio',74),(188,'세이프홀딩스','Finance',90),(189,'메카모듈','Manufacturing',79),(190,'엔터루프','Entertainment',86),(191,'스마트드라이브','IT',92),(192,'메디테라바이오','Bio',71),(193,'머니큐브','Finance',88),(194,'메카엣지','Manufacturing',78),(195,'엔터클라우드','Entertainment',85),(196,'AI베이직스','IT',93),(197,'젠바이오메드','Bio',70),(198,'핀크레딧','Finance',84),(199,'메카원','Manufacturing',80),(200,'엔터하이브','Entertainment',87),(201,'테크노바','IT',93),(202,'바이오트러스트','Bio',72),(203,'파이낸스캐피털','Finance',88),(204,'메카라인업','Manufacturing',80),(205,'엔터시그널','Entertainment',85),(206,'스마트테크','IT',95),(207,'헬스젠바이오','Bio',69),(208,'머니플로우','Finance',87),(209,'오토메카랩','Manufacturing',78),(210,'엔터뮤즈','Entertainment',83),(211,'AI인텔리전스','IT',96),(212,'바이오코어랩','Bio',71),(213,'세이프파이낸셜','Finance',86),(214,'메카솔브텍','Manufacturing',79),(215,'엔터피아','Entertainment',84),(216,'클라우드프라임','IT',92),(217,'젠바이오메디','Bio',73),(218,'파이낸스에버','Finance',89),(219,'메카이노베이션','Manufacturing',81),(220,'엔터크리에이티브','Entertainment',88),(221,'테크하이드','IT',90),(222,'메디컬리젠','Bio',74),(223,'핀포인트','Finance',84),(224,'메카메탈','Manufacturing',77),(225,'엔터리프','Entertainment',85),(226,'AI디바이드','IT',97),(227,'바이오익스','Bio',70),(228,'머니스마트','Finance',83),(229,'메카드라이브','Manufacturing',80),(230,'엔터웨이브','Entertainment',87),(231,'디지털싱크','IT',93),(232,'바이오에센스','Bio',75),(233,'세이프인컴','Finance',88),(234,'메카도메인','Manufacturing',79),(235,'엔터크루','Entertainment',82),(236,'AI엣지랩','IT',96),(237,'제네시스바이오','Bio',72),(238,'퍼스트파이낸스','Finance',87),(239,'메카프론트','Manufacturing',81),(240,'엔터리전드','Entertainment',86),(241,'테크파인','IT',94),(242,'바이오젠니스','Bio',73),(243,'플래닛파이낸스','Finance',85),(244,'메카라이트','Manufacturing',78),(245,'엔터플래닛','Entertainment',83),(246,'스마트로직','IT',92),(247,'메드서포트','Bio',71),(248,'머니업사이드','Finance',90),(249,'메카스타일','Manufacturing',77),(250,'엔터멜로디','Entertainment',86),(251,'AI에버리치','IT',95),(252,'헬스바이오링크','Bio',70),(253,'세이프뱅커스','Finance',84),(254,'오토챔버','Manufacturing',79),(255,'엔터미디어웍스','Entertainment',87),(256,'테크포스','IT',91),(257,'바이오코스믹','Bio',74),(258,'파이낸스헌터','Finance',83),(259,'메카플렉스','Manufacturing',80),(260,'엔터블룸','Entertainment',84),(261,'클라우드엑스','IT',93),(262,'바이오리프레시','Bio',69),(263,'머니루트','Finance',88),(264,'메카엑셀','Manufacturing',79),(265,'엔터파크','Entertainment',85),(266,'AI시프트','IT',96),(267,'메디젠서포트','Bio',72),(268,'세이프프라임','Finance',87),(269,'메카기어','Manufacturing',80),(270,'엔터리얼','Entertainment',83),(271,'테크스톤','IT',92),(272,'바이오셀비전','Bio',71),(273,'파이낸스홀딩스','Finance',86),(274,'메카시그마','Manufacturing',78),(275,'엔터컬러','Entertainment',84),(276,'스마트인덱스','IT',94),(277,'젠메디컴퍼니','Bio',73),(278,'머니오리진','Finance',89),(279,'메카로드','Manufacturing',81),(280,'엔터루프스','Entertainment',86),(281,'AI프론트엔드','IT',97),(282,'바이오메딕스','Bio',70),(283,'퍼블릭파이낸스','Finance',82),(284,'메카맥스','Manufacturing',79),(285,'엔터블라스트','Entertainment',85),(286,'디지털마스터','IT',93),(287,'헬스랩케어','Bio',74),(288,'세이프투게더','Finance',88),(289,'메카랩스','Manufacturing',78),(290,'엔터그루브','Entertainment',87),(291,'테크인피니티','IT',95),(292,'바이오포메딕','Bio',72),(293,'머니하이브','Finance',83),(294,'메카옵티스','Manufacturing',80),(295,'엔터베이직스','Entertainment',84),(296,'AI로직스','IT',94),(297,'바이오제네틱스','Bio',71),(298,'파이낸스유니온','Finance',86),(299,'메카월드','Manufacturing',79),(300,'엔터비전','Entertainment',88);
/*!40000 ALTER TABLE `company` ENABLE KEYS */;
UNLOCK TABLES;

--
-- Table structure for table `ipo`
--

DROP TABLE IF EXISTS `ipo`;
/*!40101 SET @saved_cs_client     = @@character_set_client */;
/*!50503 SET character_set_client = utf8mb4 */;
CREATE TABLE `ipo` (
  `ipo_id` int NOT NULL AUTO_INCREMENT,
  `competition_rate` double DEFAULT NULL,
  `market` varchar(255) DEFAULT NULL,
  `offering_price` int DEFAULT NULL,
  `price_range` varchar(255) DEFAULT NULL,
  `ipo_date` date DEFAULT NULL,
  `subscribed` tinyint DEFAULT NULL,
  `company_id` int DEFAULT NULL,
  `underwriter_id` int DEFAULT NULL,
  PRIMARY KEY (`ipo_id`),
  KEY `company_id` (`company_id`),
  KEY `underwriter_id` (`underwriter_id`),
  CONSTRAINT `ipo_ibfk_1` FOREIGN KEY (`company_id`) REFERENCES `company` (`company_id`),
  CONSTRAINT `ipo_ibfk_2` FOREIGN KEY (`underwriter_id`) REFERENCES `underwriter` (`underwriter_id`)
) ENGINE=InnoDB AUTO_INCREMENT=301 DEFAULT CHARSET=utf8mb4 COLLATE=utf8mb4_0900_ai_ci;
/*!40101 SET character_set_client = @saved_cs_client */;

--
-- Dumping data for table `ipo`
--

LOCK TABLES `ipo` WRITE;
/*!40000 ALTER TABLE `ipo` DISABLE KEYS */;
INSERT INTO `ipo` VALUES (1,152.3,'KOSDAQ',22000,'20000~22000','2024-01-12',NULL,1,1),(2,201.2,'KOSPI',30000,'28000~30000','2024-02-03',NULL,2,2),(3,98.4,'KOSDAQ',15000,'14000~15000','2024-02-10',NULL,3,3),(4,305.5,'KOSPI',42000,'40000~42000','2024-03-01',NULL,4,2),(5,188.2,'KOSDAQ',50000,'48000~50000','2024-03-07',NULL,5,3),(6,77.9,'KOSDAQ',18000,'17000~18000','2024-03-18',NULL,6,4),(7,121.4,'KOSDAQ',35000,'33000~35000','2024-04-03',NULL,7,5),(8,89.6,'KOSDAQ',27000,'25000~27000','2024-04-11',NULL,8,6),(9,54.2,'KOSDAQ',19000,'18000~19000','2024-04-22',NULL,9,7),(10,122.7,'KOSPI',17000,'16000~17000','2024-05-02',NULL,10,8),(11,131.3,'KOSDAQ',25000,'23000~25000','2024-05-09',NULL,11,9),(12,142.5,'KOSDAQ',30000,'27000~30000','2024-05-15',NULL,12,10),(13,66.3,'KOSPI',28000,'26000~28000','2024-05-21',NULL,13,1),(14,59.4,'KOSDAQ',16000,'15000~16000','2024-05-27',NULL,14,2),(15,215.1,'KOSDAQ',37000,'35000~37000','2024-06-05',NULL,15,3),(16,81.9,'KOSDAQ',24000,'22000~24000','2024-06-12',NULL,16,4),(17,155.9,'KOSPI',26000,'25000~26000','2024-06-21',NULL,17,5),(18,173.4,'KOSDAQ',33000,'30000~33000','2024-06-30',NULL,18,6),(19,62.3,'KOSPI',20000,'19000~20000','2024-07-08',NULL,19,7),(20,142.8,'KOSDAQ',18000,'17000~18000','2024-07-15',NULL,20,8),(21,312.6,'KOSDAQ',42000,'40000~42000','2024-07-22',NULL,21,9),(22,89.1,'KOSDAQ',27000,'25000~27000','2024-07-27',NULL,22,10),(23,43.2,'KOSDAQ',15000,'14000~15000','2024-08-02',NULL,23,1),(24,261.9,'KOSPI',44000,'42000~44000','2024-08-11',NULL,24,2),(25,189.4,'KOSDAQ',38000,'36000~38000','2024-08-18',NULL,25,3),(26,73.6,'KOSDAQ',21000,'20000~21000','2024-08-27',NULL,26,4),(27,98.7,'KOSPI',32000,'31000~32000','2024-09-03',NULL,27,5),(28,320.4,'KOSDAQ',50000,'45000~50000','2024-09-09',NULL,28,6),(29,56.8,'KOSDAQ',23000,'22000~23000','2024-09-17',NULL,29,7),(30,205.1,'KOSDAQ',29000,'28000~29000','2024-09-22',NULL,30,8),(31,112.5,'KOSDAQ',28000,'26000~28000','2024-10-02',NULL,31,1),(32,76.4,'KOSDAQ',19000,'18000~19000','2024-10-05',NULL,32,2),(33,154.8,'KOSPI',30000,'28000~30000','2024-10-10',NULL,33,3),(34,188.3,'KOSDAQ',42000,'40000~42000','2024-10-15',NULL,34,4),(35,63.2,'KOSDAQ',15000,'14000~15000','2024-10-20',NULL,35,5),(36,201.9,'KOSPI',33000,'31000~33000','2024-10-25',NULL,36,6),(37,58.7,'KOSDAQ',17000,'16000~17000','2024-11-01',NULL,37,7),(38,134.1,'KOSDAQ',26000,'25000~26000','2024-11-05',NULL,38,8),(39,92.6,'KOSPI',24000,'22000~24000','2024-11-10',NULL,39,9),(40,178.4,'KOSDAQ',36000,'34000~36000','2024-11-15',NULL,40,10),(41,145.9,'KOSDAQ',31000,'29000~31000','2024-11-20',NULL,41,1),(42,71.2,'KOSPI',20000,'19000~20000','2024-11-25',NULL,42,2),(43,162.8,'KOSDAQ',27000,'25000~27000','2024-11-30',NULL,43,3),(44,84.7,'KOSDAQ',22000,'21000~22000','2024-12-03',NULL,44,4),(45,209.3,'KOSPI',39000,'37000~39000','2024-12-08',NULL,45,5),(46,131.4,'KOSDAQ',28000,'26000~28000','2024-12-12',NULL,46,6),(47,52.9,'KOSDAQ',16000,'15000~16000','2024-12-16',NULL,47,7),(48,119.5,'KOSPI',25000,'23000~25000','2024-12-20',NULL,48,8),(49,175.6,'KOSDAQ',30000,'28000~30000','2024-12-24',NULL,49,9),(50,193.2,'KOSPI',34000,'32000~34000','2024-12-28',NULL,50,10),(51,132.4,'KOSDAQ',26000,'24000~26000','2025-01-05',NULL,51,1),(52,82.1,'KOSDAQ',18000,'17000~18000','2025-01-08',NULL,52,2),(53,148.9,'KOSPI',30000,'28000~30000','2025-01-12',NULL,53,3),(54,176.3,'KOSDAQ',35000,'33000~35000','2025-01-15',NULL,54,4),(55,66.7,'KOSDAQ',20000,'19000~20000','2025-01-20',NULL,55,5),(56,189.2,'KOSPI',32000,'30000~32000','2025-01-25',NULL,56,6),(57,58.4,'KOSDAQ',17000,'16000~17000','2025-01-28',NULL,57,7),(58,121.5,'KOSDAQ',24000,'22000~24000','2025-02-01',NULL,58,8),(59,145.7,'KOSPI',28000,'26000~28000','2025-02-05',NULL,59,9),(60,198.6,'KOSDAQ',36000,'34000~36000','2025-02-08',NULL,60,10),(61,165.9,'KOSDAQ',31000,'29000~31000','2025-02-12',NULL,61,1),(62,74.3,'KOSPI',19000,'18000~19000','2025-02-15',NULL,62,2),(63,132.7,'KOSDAQ',26000,'25000~26000','2025-02-19',NULL,63,3),(64,183.2,'KOSPI',33000,'31000~33000','2025-02-22',NULL,64,4),(65,68.9,'KOSDAQ',21000,'20000~21000','2025-02-25',NULL,65,5),(66,210.4,'KOSDAQ',42000,'40000~42000','2025-03-01',NULL,66,6),(67,57.8,'KOSDAQ',18000,'17000~18000','2025-03-04',NULL,67,7),(68,149.5,'KOSPI',29000,'27000~29000','2025-03-08',NULL,68,8),(69,103.2,'KOSDAQ',25000,'24000~25000','2025-03-12',NULL,69,9),(70,172.6,'KOSDAQ',37000,'35000~37000','2025-03-15',NULL,70,10),(71,141.7,'KOSDAQ',30000,'28000~30000','2025-03-20',NULL,71,1),(72,76.5,'KOSPI',20000,'19000~20000','2025-03-23',NULL,72,2),(73,123.9,'KOSDAQ',27000,'25000~27000','2025-03-27',NULL,73,3),(74,168.3,'KOSDAQ',34000,'32000~34000','2025-03-30',NULL,74,4),(75,81.3,'KOSDAQ',23000,'22000~23000','2025-04-02',NULL,75,5),(76,195.8,'KOSPI',38000,'36000~38000','2025-04-06',NULL,76,6),(77,66.4,'KOSDAQ',21000,'20000~21000','2025-04-10',NULL,77,7),(78,118.2,'KOSDAQ',25000,'23000~25000','2025-04-13',NULL,78,8),(79,158.9,'KOSPI',30000,'28000~30000','2025-04-16',NULL,79,9),(80,185.1,'KOSDAQ',35000,'33000~35000','2025-04-20',NULL,80,10),(81,176.8,'KOSDAQ',33000,'31000~33000','2025-04-24',NULL,81,1),(82,59.2,'KOSDAQ',18000,'17000~18000','2025-04-28',NULL,82,2),(83,137.5,'KOSPI',26000,'25000~26000','2025-05-02',NULL,83,3),(84,84.6,'KOSDAQ',22000,'21000~22000','2025-05-05',NULL,84,4),(85,192.7,'KOSDAQ',39000,'37000~39000','2025-05-09',NULL,85,5),(86,207.3,'KOSPI',41000,'39000~41000','2025-05-13',NULL,86,6),(87,53.9,'KOSDAQ',17000,'16000~17000','2025-05-16',NULL,87,7),(88,127.1,'KOSDAQ',28000,'26000~28000','2025-05-20',NULL,88,8),(89,152.4,'KOSPI',30000,'29000~30000','2025-05-24',NULL,89,9),(90,188.3,'KOSDAQ',36000,'34000~36000','2025-05-28',NULL,90,10),(91,136.8,'KOSDAQ',29000,'27000~29000','2025-06-01',NULL,91,1),(92,74.5,'KOSDAQ',20000,'19000~20000','2025-06-04',NULL,92,2),(93,143.9,'KOSPI',27000,'26000~27000','2025-06-08',NULL,93,3),(94,96.2,'KOSDAQ',24000,'22000~24000','2025-06-12',NULL,94,4),(95,182.7,'KOSDAQ',38000,'36000~38000','2025-06-16',NULL,95,5),(96,214.6,'KOSPI',42000,'40000~42000','2025-06-20',NULL,96,6),(97,55.3,'KOSDAQ',17000,'16000~17000','2025-06-24',NULL,97,7),(98,121.4,'KOSDAQ',26000,'24000~26000','2025-06-27',NULL,98,8),(99,150.8,'KOSPI',30000,'28000~30000','2025-06-29',NULL,99,9),(100,189.5,'KOSDAQ',34000,'32000~34000','2025-06-30',NULL,100,10),(101,142.3,'KOSDAQ',30000,'28000~30000','2025-07-01',NULL,101,1),(102,68.7,'KOSDAQ',18000,'17000~18000','2025-07-03',NULL,102,2),(103,158.2,'KOSPI',32000,'30000~32000','2025-07-05',NULL,103,3),(104,101.4,'KOSDAQ',25000,'23000~25000','2025-07-07',NULL,104,4),(105,187.9,'KOSDAQ',36000,'34000~36000','2025-07-10',NULL,105,5),(106,176.4,'KOSPI',33000,'31000~33000','2025-07-12',NULL,106,6),(107,72.1,'KOSDAQ',19000,'18000~19000','2025-07-15',NULL,107,7),(108,128.5,'KOSDAQ',27000,'26000~27000','2025-07-17',NULL,108,8),(109,149.7,'KOSPI',30000,'28000~30000','2025-07-20',NULL,109,9),(110,194.4,'KOSDAQ',35000,'33000~35000','2025-07-22',NULL,110,10),(111,165.9,'KOSDAQ',31000,'29000~31000','2025-07-25',NULL,111,1),(112,58.3,'KOSDAQ',17000,'16000~17000','2025-07-28',NULL,112,2),(113,138.7,'KOSPI',29000,'27000~29000','2025-07-30',NULL,113,3),(114,92.6,'KOSDAQ',24000,'22000~24000','2025-08-02',NULL,114,4),(115,182.3,'KOSDAQ',38000,'36000~38000','2025-08-04',NULL,115,5),(116,201.4,'KOSPI',40000,'38000~40000','2025-08-07',NULL,116,6),(117,61.2,'KOSDAQ',18000,'17000~18000','2025-08-09',NULL,117,7),(118,122.8,'KOSDAQ',26000,'24000~26000','2025-08-12',NULL,118,8),(119,150.1,'KOSPI',29000,'27000~29000','2025-08-15',NULL,119,9),(120,188.2,'KOSDAQ',36000,'34000~36000','2025-08-17',NULL,120,10),(121,130.5,'KOSDAQ',28000,'26000~28000','2025-08-20',NULL,121,1),(122,75.4,'KOSDAQ',20000,'19000~20000','2025-08-22',NULL,122,2),(123,160.9,'KOSPI',31000,'29000~31000','2025-08-25',NULL,123,3),(124,98.4,'KOSDAQ',25000,'23000~25000','2025-08-27',NULL,124,4),(125,195.1,'KOSDAQ',39000,'37000~39000','2025-08-30',NULL,125,5),(126,214.3,'KOSPI',42000,'40000~42000','2025-09-02',NULL,126,6),(127,56.8,'KOSDAQ',17000,'16000~17000','2025-09-04',NULL,127,7),(128,147.2,'KOSDAQ',30000,'28000~30000','2025-09-06',NULL,128,8),(129,132.6,'KOSPI',27000,'25000~27000','2025-09-08',NULL,129,9),(130,184.9,'KOSDAQ',35000,'33000~35000','2025-09-10',NULL,130,10),(131,163.7,'KOSDAQ',31000,'29000~31000','2025-09-13',NULL,131,1),(132,71.1,'KOSDAQ',19000,'18000~19000','2025-09-15',NULL,132,2),(133,152.4,'KOSPI',29000,'27000~29000','2025-09-17',NULL,133,3),(134,88.9,'KOSDAQ',23000,'21000~23000','2025-09-19',NULL,134,4),(135,190.6,'KOSDAQ',37000,'35000~37000','2025-09-22',NULL,135,5),(136,206.5,'KOSPI',41000,'39000~41000','2025-09-24',NULL,136,6),(137,62.3,'KOSDAQ',18000,'17000~18000','2025-09-27',NULL,137,7),(138,126.5,'KOSDAQ',27000,'25000~27000','2025-09-29',NULL,138,8),(139,146.2,'KOSPI',30000,'28000~30000','2025-10-02',NULL,139,9),(140,175.4,'KOSDAQ',33000,'31000~33000','2025-10-04',NULL,140,10),(141,116.5,'KOSDAQ',26000,'24000~26000','2025-10-07',NULL,141,1),(142,78.3,'KOSDAQ',20000,'19000~20000','2025-10-09',NULL,142,2),(143,159.6,'KOSPI',32000,'30000~32000','2025-10-12',NULL,143,3),(144,128.9,'KOSDAQ',27000,'25000~27000','2025-10-14',NULL,144,4),(145,183.7,'KOSDAQ',35000,'33000~35000','2025-10-16',NULL,145,5),(146,205.1,'KOSPI',40000,'38000~40000','2025-10-19',NULL,146,6),(147,76.4,'KOSDAQ',20000,'19000~20000','2025-10-21',NULL,147,7),(148,119.2,'KOSDAQ',26000,'24000~26000','2025-10-24',NULL,148,8),(149,148.3,'KOSPI',30000,'28000~30000','2025-10-26',NULL,149,9),(150,188.5,'KOSDAQ',36000,'34000~36000','2025-10-29',NULL,150,10),(151,165.1,'KOSDAQ',31000,'29000~31000','2025-11-01',NULL,151,1),(152,68.3,'KOSDAQ',19000,'18000~19000','2025-11-03',NULL,152,2),(153,140.7,'KOSPI',28000,'26000~28000','2025-11-05',NULL,153,3),(154,94.1,'KOSDAQ',24000,'23000~24000','2025-11-07',NULL,154,4),(155,192.6,'KOSDAQ',38000,'36000~38000','2025-11-09',NULL,155,5),(156,213.9,'KOSPI',42000,'40000~42000','2025-11-12',NULL,156,6),(157,57.4,'KOSDAQ',17000,'16000~17000','2025-11-14',NULL,157,7),(158,124.8,'KOSDAQ',26000,'24000~26000','2025-11-16',NULL,158,8),(159,153.6,'KOSPI',30000,'28000~30000','2025-11-18',NULL,159,9),(160,185.2,'KOSDAQ',35000,'33000~35000','2025-11-20',NULL,160,10),(161,169.5,'KOSDAQ',32000,'30000~32000','2025-11-23',NULL,161,1),(162,66.7,'KOSDAQ',18000,'17000~18000','2025-11-25',NULL,162,2),(163,143.2,'KOSPI',27000,'26000~27000','2025-11-27',NULL,163,3),(164,89.7,'KOSDAQ',23000,'22000~23000','2025-11-29',NULL,164,4),(165,190.4,'KOSDAQ',38000,'36000~38000','2025-12-01',NULL,165,5),(166,207.8,'KOSPI',41000,'39000~41000','2025-12-03',NULL,166,6),(167,74.5,'KOSDAQ',19000,'18000~19000','2025-12-05',NULL,167,7),(168,129.8,'KOSDAQ',28000,'26000~28000','2025-12-07',NULL,168,8),(169,151.2,'KOSPI',30000,'28000~30000','2025-12-09',NULL,169,9),(170,186.1,'KOSDAQ',36000,'34000~36000','2025-12-11',NULL,170,10),(171,167.4,'KOSDAQ',31000,'29000~31000','2025-12-13',NULL,171,1),(172,78.8,'KOSDAQ',20000,'19000~20000','2025-12-15',NULL,172,2),(173,149.5,'KOSPI',29000,'27000~29000','2025-12-17',NULL,173,3),(174,123.3,'KOSDAQ',26000,'24000~26000','2025-12-19',NULL,174,4),(175,193.7,'KOSDAQ',39000,'37000~39000','2025-12-21',NULL,175,5),(176,216.2,'KOSPI',42000,'40000~42000','2025-12-23',NULL,176,6),(177,64.1,'KOSDAQ',18000,'17000~18000','2025-12-24',NULL,177,7),(178,128.5,'KOSDAQ',27000,'25000~27000','2025-12-26',NULL,178,8),(179,154.6,'KOSPI',31000,'29000~31000','2025-12-28',NULL,179,9),(180,187.4,'KOSDAQ',35000,'33000~35000','2025-12-29',NULL,180,10),(181,170.8,'KOSDAQ',33000,'31000~33000','2025-12-30',NULL,181,1),(182,72.6,'KOSDAQ',19000,'18000~19000','2025-12-31',NULL,182,2),(183,140.1,'KOSPI',26000,'25000~26000','2025-12-31',NULL,183,3),(184,90.5,'KOSDAQ',23000,'22000~23000','2025-12-31',NULL,184,4),(185,185.8,'KOSDAQ',35000,'33000~35000','2025-12-31',NULL,185,5),(186,205.9,'KOSPI',40000,'38000~40000','2025-12-31',NULL,186,6),(187,61.3,'KOSDAQ',17000,'16000~17000','2025-12-31',NULL,187,7),(188,128.2,'KOSDAQ',28000,'26000~28000','2025-12-31',NULL,188,8),(189,150.7,'KOSPI',30000,'28000~30000','2025-12-31',NULL,189,9),(190,189.2,'KOSDAQ',37000,'35000~37000','2025-12-31',NULL,190,10),(191,172.4,'KOSDAQ',33000,'31000~33000','2025-12-31',NULL,191,1),(192,77.9,'KOSDAQ',20000,'19000~20000','2025-12-31',NULL,192,2),(193,148.1,'KOSPI',29000,'27000~29000','2025-12-31',NULL,193,3),(194,122.4,'KOSDAQ',26000,'24000~26000','2025-12-31',NULL,194,4),(195,191.7,'KOSDAQ',38000,'36000~38000','2025-12-31',NULL,195,5),(196,207.6,'KOSPI',41000,'39000~41000','2025-12-31',NULL,196,6),(197,63.8,'KOSDAQ',18000,'17000~18000','2025-12-31',NULL,197,7),(198,129.4,'KOSDAQ',27000,'25000~27000','2025-12-31',NULL,198,8),(199,152.3,'KOSPI',30000,'28000~30000','2025-12-31',NULL,199,9),(200,188.5,'KOSDAQ',34000,'32000~34000','2025-12-31',NULL,200,10),(201,152.3,'KOSDAQ',32000,'30000~32000','2026-01-02',NULL,201,1),(202,67.5,'KOSDAQ',18000,'16000~18000','2026-01-04',NULL,202,2),(203,184.2,'KOSPI',35000,'33000~35000','2026-01-06',NULL,203,3),(204,104.9,'KOSDAQ',26000,'24000~26000','2026-01-08',NULL,204,4),(205,158.4,'KOSDAQ',34000,'32000~34000','2026-01-10',NULL,205,5),(206,143.1,'KOSPI',30000,'28000~30000','2026-01-12',NULL,206,6),(207,72.6,'KOSDAQ',19000,'17000~19000','2026-01-14',NULL,207,7),(208,127.9,'KOSDAQ',27000,'25000~27000','2026-01-16',NULL,208,8),(209,151.4,'KOSPI',31000,'29000~31000','2026-01-18',NULL,209,9),(210,188.5,'KOSDAQ',36000,'34000~36000','2026-01-20',NULL,210,10),(211,172.1,'KOSDAQ',33000,'31000~33000','2026-01-22',NULL,211,1),(212,62.5,'KOSDAQ',18000,'16000~18000','2026-01-24',NULL,212,2),(213,146.8,'KOSPI',29000,'27000~29000','2026-01-26',NULL,213,3),(214,95.4,'KOSDAQ',24000,'22000~24000','2026-01-28',NULL,214,4),(215,192.7,'KOSDAQ',37000,'35000~37000','2026-01-30',NULL,215,5),(216,207.5,'KOSPI',40000,'38000~40000','2026-02-01',NULL,216,6),(217,58.6,'KOSDAQ',17000,'15000~17000','2026-02-03',NULL,217,7),(218,124.5,'KOSDAQ',26000,'24000~26000','2026-02-05',NULL,218,8),(219,150.2,'KOSPI',30000,'28000~30000','2026-02-07',NULL,219,9),(220,183.4,'KOSDAQ',35000,'33000~35000','2026-02-09',NULL,220,10),(221,160.8,'KOSDAQ',32000,'30000~32000','2026-02-11',NULL,221,1),(222,69.2,'KOSDAQ',19000,'17000~19000','2026-02-13',NULL,222,2),(223,142.7,'KOSPI',28000,'26000~28000','2026-02-15',NULL,223,3),(224,101.3,'KOSDAQ',25000,'23000~25000','2026-02-17',NULL,224,4),(225,194.8,'KOSDAQ',38000,'36000~38000','2026-02-19',NULL,225,5),(226,210.9,'KOSPI',41000,'39000~41000','2026-02-21',NULL,226,6),(227,62.8,'KOSDAQ',18000,'16000~18000','2026-02-23',NULL,227,7),(228,126.4,'KOSDAQ',27000,'25000~27000','2026-02-25',NULL,228,8),(229,148.7,'KOSPI',30000,'28000~30000','2026-02-27',NULL,229,9),(230,187.6,'KOSDAQ',36000,'34000~36000','2026-03-01',NULL,230,10),(231,162.4,'KOSDAQ',31000,'29000~31000','2026-03-03',NULL,231,1),(232,75.1,'KOSDAQ',20000,'18000~20000','2026-03-05',NULL,232,2),(233,144.3,'KOSPI',28000,'26000~28000','2026-03-07',NULL,233,3),(234,98.1,'KOSDAQ',24000,'22000~24000','2026-03-09',NULL,234,4),(235,193.2,'KOSDAQ',37000,'35000~37000','2026-03-11',NULL,235,5),(236,208.9,'KOSPI',40000,'38000~40000','2026-03-13',NULL,236,6),(237,60.4,'KOSDAQ',17000,'16000~17000','2026-03-15',NULL,237,7),(238,124.9,'KOSDAQ',26000,'24000~26000','2026-03-17',NULL,238,8),(239,151.2,'KOSPI',30000,'28000~30000','2026-03-19',NULL,239,9),(240,186.3,'KOSDAQ',35000,'33000~35000','2026-03-21',NULL,240,10),(241,171.4,'KOSDAQ',33000,'31000~33000','2026-03-23',NULL,241,1),(242,78.8,'KOSDAQ',20000,'18000~20000','2026-03-25',NULL,242,2),(243,146.7,'KOSPI',30000,'28000~30000','2026-03-27',NULL,243,3),(244,122.4,'KOSDAQ',26000,'24000~26000','2026-03-29',NULL,244,4),(245,191.8,'KOSDAQ',38000,'36000~38000','2026-03-31',NULL,245,5),(246,210.4,'KOSPI',40000,'38000~40000','2026-04-02',NULL,246,6),(247,63.9,'KOSDAQ',18000,'16000~18000','2026-04-04',NULL,247,7),(248,129.2,'KOSDAQ',27000,'25000~27000','2026-04-06',NULL,248,8),(249,151.6,'KOSPI',30000,'28000~30000','2026-04-08',NULL,249,9),(250,188.4,'KOSDAQ',36000,'34000~36000','2026-04-10',NULL,250,10),(251,165.5,'KOSDAQ',32000,'30000~32000','2026-04-12',NULL,251,1),(252,70.1,'KOSDAQ',19000,'17000~19000','2026-04-14',NULL,252,2),(253,147.8,'KOSPI',29000,'27000~29000','2026-04-16',NULL,253,3),(254,100.4,'KOSDAQ',25000,'23000~25000','2026-04-18',NULL,254,4),(255,192.6,'KOSDAQ',37000,'35000~37000','2026-04-20',NULL,255,5),(256,211.8,'KOSPI',41000,'39000~41000','2026-04-22',NULL,256,6),(257,64.7,'KOSDAQ',18000,'16000~18000','2026-04-24',NULL,257,7),(258,126.8,'KOSDAQ',27000,'25000~27000','2026-04-26',NULL,258,8),(259,149.9,'KOSPI',31000,'29000~31000','2026-04-28',NULL,259,9),(260,187.7,'KOSDAQ',36000,'34000~36000','2026-04-30',NULL,260,10),(261,173.2,'KOSDAQ',33000,'31000~33000','2026-05-02',NULL,261,1),(262,71.4,'KOSDAQ',19000,'17000~19000','2026-05-04',NULL,262,2),(263,143.5,'KOSPI',28000,'26000~28000','2026-05-06',NULL,263,3),(264,120.4,'KOSDAQ',26000,'24000~26000','2026-05-08',NULL,264,4),(265,190.2,'KOSDAQ',38000,'36000~38000','2026-05-10',NULL,265,5),(266,209.7,'KOSPI',40000,'38000~40000','2026-05-12',NULL,266,6),(267,64.2,'KOSDAQ',18000,'16000~18000','2026-05-14',NULL,267,7),(268,128.1,'KOSDAQ',27000,'25000~27000','2026-05-16',NULL,268,8),(269,152.4,'KOSPI',31000,'29000~31000','2026-05-18',NULL,269,9),(270,184.3,'KOSDAQ',35000,'33000~35000','2026-05-20',NULL,270,10),(271,163.9,'KOSDAQ',32000,'30000~32000','2026-05-22',NULL,271,1),(272,76.6,'KOSDAQ',20000,'18000~20000','2026-05-24',NULL,272,2),(273,145.9,'KOSPI',29000,'27000~29000','2026-05-26',NULL,273,3),(274,98.7,'KOSDAQ',25000,'23000~25000','2026-05-28',NULL,274,4),(275,192.8,'KOSDAQ',37000,'35000~37000','2026-05-30',NULL,275,5),(276,210.2,'KOSPI',41000,'39000~41000','2026-06-01',NULL,276,6),(277,65.7,'KOSDAQ',18000,'16000~18000','2026-06-03',NULL,277,7),(278,128.3,'KOSDAQ',27000,'25000~27000','2026-06-05',NULL,278,8),(279,149.8,'KOSPI',30000,'28000~30000','2026-06-07',NULL,279,9),(280,187.5,'KOSDAQ',36000,'34000~36000','2026-06-09',NULL,280,10),(281,170.6,'KOSDAQ',33000,'31000~33000','2026-06-11',NULL,281,1),(282,78.1,'KOSDAQ',20000,'18000~20000','2026-06-13',NULL,282,2),(283,147.6,'KOSPI',29000,'27000~29000','2026-06-15',NULL,283,3),(284,121.9,'KOSDAQ',26000,'24000~26000','2026-06-17',NULL,284,4),(285,189.9,'KOSDAQ',38000,'36000~38000','2026-06-19',NULL,285,5),(286,209.1,'KOSPI',40000,'38000~40000','2026-06-21',NULL,286,6),(287,60.7,'KOSDAQ',17000,'15000~17000','2026-06-23',NULL,287,7),(288,127.8,'KOSDAQ',27000,'25000~27000','2026-06-25',NULL,288,8),(289,151.4,'KOSPI',30000,'28000~30000','2026-06-27',NULL,289,9),(290,186.7,'KOSDAQ',35000,'33000~35000','2026-06-29',NULL,290,10),(291,173.4,'KOSDAQ',33000,'31000~33000','2026-06-30',NULL,291,1),(292,70.2,'KOSDAQ',19000,'17000~19000','2026-06-30',NULL,292,2),(293,142.3,'KOSPI',28000,'26000~28000','2026-06-30',NULL,293,3),(294,97.8,'KOSDAQ',24000,'22000~24000','2026-06-30',NULL,294,4),(295,191.6,'KOSDAQ',37000,'35000~37000','2026-06-30',NULL,295,5),(296,209.4,'KOSPI',41000,'39000~41000','2026-06-30',NULL,296,6),(297,63.1,'KOSDAQ',18000,'16000~18000','2026-06-30',NULL,297,7),(298,128.7,'KOSDAQ',27000,'25000~27000','2026-06-30',NULL,298,8),(299,153.8,'KOSPI',31000,'29000~31000','2026-06-30',NULL,299,9),(300,185.4,'KOSDAQ',34000,'32000~34000','2026-06-30',NULL,300,10);
/*!40000 ALTER TABLE `ipo` ENABLE KEYS */;
UNLOCK TABLES;

--
-- Table structure for table `underwriter`
--

DROP TABLE IF EXISTS `underwriter`;
/*!40101 SET @saved_cs_client     = @@character_set_client */;
/*!50503 SET character_set_client = utf8mb4 */;
CREATE TABLE `underwriter` (
  `underwriter_id` int NOT NULL AUTO_INCREMENT,
  `name` varchar(255) DEFAULT NULL,
  PRIMARY KEY (`underwriter_id`)
) ENGINE=InnoDB AUTO_INCREMENT=11 DEFAULT CHARSET=utf8mb4 COLLATE=utf8mb4_0900_ai_ci;
/*!40101 SET character_set_client = @saved_cs_client */;

--
-- Dumping data for table `underwriter`
--

LOCK TABLES `underwriter` WRITE;
/*!40000 ALTER TABLE `underwriter` DISABLE KEYS */;
INSERT INTO `underwriter` VALUES (1,'삼성증권'),(2,'한국투자증권'),(3,'미래에셋증권'),(4,'NH투자증권'),(5,'키움증권'),(6,'신한투자증권'),(7,'하나증권'),(8,'KB증권'),(9,'IBK투자증권'),(10,'대신증권');
/*!40000 ALTER TABLE `underwriter` ENABLE KEYS */;
UNLOCK TABLES;
/*!40103 SET TIME_ZONE=@OLD_TIME_ZONE */;

/*!40101 SET SQL_MODE=@OLD_SQL_MODE */;
/*!40014 SET FOREIGN_KEY_CHECKS=@OLD_FOREIGN_KEY_CHECKS */;
/*!40014 SET UNIQUE_CHECKS=@OLD_UNIQUE_CHECKS */;
/*!40101 SET CHARACTER_SET_CLIENT=@OLD_CHARACTER_SET_CLIENT */;
/*!40101 SET CHARACTER_SET_RESULTS=@OLD_CHARACTER_SET_RESULTS */;
/*!40101 SET COLLATION_CONNECTION=@OLD_COLLATION_CONNECTION */;
/*!40111 SET SQL_NOTES=@OLD_SQL_NOTES */;

-- Dump completed on 2025-12-11 17:49:51
